id,fecha,producto,cantidad,precio_unitario
VEN-0001,2026-09-01,Cuaderno,12,101.69
VEN-0002,2026-09-02,Carpeta,12,92.17
VEN-0003,2026-09-03,Agenda,11,99.43
VEN-0004,2026-09-04,Libreta,14,107.68
VEN-0005,2026-09-05,Cuaderno,14,96.56
VEN-0006,2026-09-06,Carpeta,14,94.43
VEN-0007,2026-09-07,Agenda,10,102.71
VEN-0008,2026-09-01,Libreta,13,108.19
VEN-0009,2026-09-02,Cuaderno,12,102.98
VEN-0010,2026-09-03,Carpeta,10,92.80
VEN-0011,2026-09-04,Agenda,10,96.09
VEN-0012,2026-09-05,Libreta,13,92.32
VEN-0013,2026-09-06,Cuaderno,11,107.75
VEN-0014,2026-09-07,Carpeta,11,97.77
VEN-0015,2026-09-01,Agenda,12,103.41
VEN-0016,2026-09-02,Libreta,14,98.38
VEN-0017,2026-09-03,Cuaderno,11,107.71
VEN-0018,2026-09-04,Carpeta,10,106.67
VEN-0019,2026-09-05,Agenda,14,98.16
VEN-0020,2026-09-06,Libreta,12,90.65
VEN-0021,2026-09-07,Cuaderno,12,94.35
VEN-0022,2026-09-01,Carpeta,13,109.01
VEN-0023,2026-09-02,Agenda,12,91.99
VEN-0024,2026-09-03,Libreta,12,100.89
VEN-0025,2026-09-04,Cuaderno,12,91.21
VEN-0026,2026-09-05,Carpeta,12,93.80
VEN-0027,2026-09-06,Agenda,10,108.98
VEN-0028,2026-09-07,Libreta,13,91.83
VEN-0029,2026-09-01,Cuaderno,11,102.83
VEN-0030,2026-09-02,Carpeta,14,109.42
VEN-0031,2026-09-03,Agenda,10,105.74
VEN-0032,2026-09-04,Libreta,11,109.78
VEN-0033,2026-09-05,Cuaderno,14,94.10
VEN-0034,2026-09-06,Carpeta,14,94.14
VEN-0035,2026-09-07,Agenda,11,106.26
VEN-0036,2026-09-01,Libreta,11,96.57
VEN-0037,2026-09-02,Cuaderno,11,105.77
VEN-0038,2026-09-03,Carpeta,14,90.06
VEN-0039,2026-09-04,Agenda,11,109.75
VEN-0040,2026-09-05,Libreta,14,95.01
VEN-0041,2026-09-06,Cuaderno,11,92.20
VEN-0042,2026-09-07,Carpeta,10,92.64
VEN-0043,2026-09-01,Agenda,12,105.80
VEN-0044,2026-09-02,Libreta,11,101.78
VEN-0045,2026-09-03,Cuaderno,10,93.48
VEN-0046,2026-09-04,Carpeta,10,92.54
VEN-0047,2026-09-05,Agenda,13,100.52
VEN-0048,2026-09-06,Libreta,10,99.52
VEN-0049,2026-09-07,Cuaderno,12,100.26
VEN-0050,2026-09-01,Carpeta,10,99.04
VEN-0051,2026-09-02,Agenda,11,108.91
VEN-0052,2026-09-03,Libreta,10,104.54
VEN-0053,2026-09-04,Cuaderno,14,96.03
VEN-0054,2026-09-05,Carpeta,10,91.22
VEN-0055,2026-09-06,Agenda,13,106.95
VEN-0056,2026-09-07,Libreta,13,103.72
VEN-0057,2026-09-01,Cuaderno,13,104.25
VEN-0058,2026-09-02,Carpeta,13,91.47
VEN-0059,2026-09-03,Agenda,10,96.44
VEN-0060,2026-09-04,Libreta,11,91.31
VEN-0061,2026-09-05,Cuaderno,12,102.49
VEN-0062,2026-09-06,Carpeta,14,100.97
VEN-0063,2026-09-07,Agenda,12,97.62
VEN-0064,2026-09-01,Libreta,14,100.61
VEN-0065,2026-09-07,Pedido extraordinario,99999,99.00
VEN-0066,2026-09-07,Precio inusual,12,999999.00
VEN-0067,2026-09-07,,12,100.00
VEN-0068,2026-09-07,Cuaderno,-2,100.00
VEN-0069,2026-02-30,Cuaderno,12,100.00
VEN-0001,2026-09-01,Cuaderno,12,101.69
